image_id,label
train_1a,arroz
train_1b,caramelo
train_1c,jamon
train_1d,cafe
train_2a,vinagre
train_2b,chocolate
train_2c,azucar
train_2d,agua
train_3a,jugo
train_3b,caramelo
train_3c,jugo
train_3d,jugo
train_4a,caramelo
train_4b,leche
train_4c,cafe
train_4d,arroz
train_5a,chocolate
train_5b,gaseosa
train_5c,jugo
train_5d,nueces
train_6a,chips
train_6b,especias
train_6c,cereal
train_6d,chips
train_7a,leche
train_7b,cereal
train_7c,caramelo
train_7d,chocolate
train_8a,frijoles
train_8b,torta
train_8c,arroz
train_8d,cereal
train_9a,nueces
train_9b,jugo
train_9c,cafe
train_9d,especias
train_10a,jamon
train_10b,miel
train_10c,jugo
train_10d,arroz
train_11a,cafe
train_11b,chocolate
train_11c,leche
train_11d,vinagre
train_12a,harina
train_12b,pasta
train_12c,caramelo
train_12d,cereal
train_13a,chips
train_13b,cereal
train_13c,jugo
train_13d,miel
train_14a,salsatomate
train_14b,arroz
train_14c,caramelo
train_14d,salsatomate
train_15a,te
train_15b,caramelo
train_15c,chocolate
train_15d,jamon
train_16a,agua
train_16b,cafe
train_16c,te
train_16d,jamon
train_17a,vinagre
train_17b,te
train_17c,cereal
train_17d,harina
train_18a,arroz
train_18b,chocolate
train_18c,harina
train_18d,caramelo
train_19a,maiz
train_19b,gaseosa
train_19c,cafe
train_19d,miel
train_20a,cafe
train_20b,vinagre
train_20c,jamon
train_20d,cafe
train_21a,te
train_21b,cafe
train_21c,chocolate
train_21d,torta
train_22a,leche
train_22b,miel
train_22c,aceite
train_22d,pescado
train_23a,nueces
train_23b,pescado
train_23c,chips
train_23d,jugo
train_24a,nueces
train_24b,caramelo
train_24c,maiz
train_24d,cereal
train_25a,harina
train_25b,frijoles
train_25c,chocolate
train_25d,cereal
train_26a,aceite
train_26b,maiz
train_26c,gaseosa
train_26d,cafe
train_27a,chips
train_27b,vinagre
train_27c,te
train_27d,torta
train_28a,jugo
train_28b,salsatomate
train_28c,caramelo
train_28d,arroz
train_29a,especias
train_29b,salsatomate
train_29c,maiz
train_29d,agua
train_30a,caramelo
train_30b,cereal
train_30c,leche
train_30d,gaseosa
train_31a,agua
train_31b,cereal
train_31c,chips
train_31d,chocolate
train_32a,chocolate
train_32b,cereal
train_32c,leche
train_32d,agua
train_33a,miel
train_33b,jamon
train_33c,chocolate
train_33d,pescado
train_34a,maiz
train_34b,salsatomate
train_34c,gaseosa
train_34d,leche
train_35a,cereal
train_35b,chocolate
train_35c,frijoles
train_35d,arroz
train_36a,chocolate
train_36b,cereal
train_36c,caramelo
train_36d,nueces
train_37a,miel
train_37b,chocolate
train_37c,te
train_37d,gaseosa
train_38a,leche
train_38b,azucar
train_38c,miel
train_38d,salsatomate
train_39a,cereal
train_39b,caramelo
train_39c,chocolate
train_39d,torta
train_40a,caramelo
train_40b,cafe
train_40c,caramelo
train_40d,arroz
train_41a,jugo
train_41b,salsatomate
train_41c,salsatomate
train_41d,especias
train_42a,pescado
train_42b,gaseosa
train_42c,te
train_42d,cafe
train_43a,agua
train_43b,arroz
train_43c,chocolate
train_43d,chocolate
train_44a,gaseosa
train_44b,nueces
train_44c,arroz
train_44d,jugo
train_45a,chocolate
train_45b,pescado
train_45c,caramelo
train_45d,caramelo
train_46a,cereal
train_46b,caramelo
train_46c,chocolate
train_46d,chips
train_47a,frijoles
train_47b,chips
train_47c,chocolate
train_47d,caramelo
train_48a,nueces
train_48b,pasta
train_48c,arroz
train_48d,aceite
train_49a,cafe
train_49b,salsatomate
train_49c,arroz
train_49d,caramelo
train_50a,miel
train_50b,agua
train_50c,nueces
train_50d,leche
train_51a,arroz
train_51b,jamon
train_51c,miel
train_51d,chocolate
train_52a,arroz
train_52b,salsatomate
train_52c,nueces
train_52d,vinagre
train_53a,cafe
train_53b,torta
train_53c,jamon
train_53d,torta
train_54a,jugo
train_54b,pasta
train_54c,te
train_54d,azucar
train_55a,cafe
train_55b,miel
train_55c,arroz
train_55d,miel
train_56a,chips
train_56b,jugo
train_56c,te
train_56d,cafe
train_57a,nueces
train_57b,especias
train_57c,maiz
train_57d,cafe
train_58a,leche
train_58b,cereal
train_58c,maiz
train_58d,torta
train_59a,gaseosa
train_59b,chocolate
train_59c,agua
train_59d,miel
train_60a,pescado
train_60b,gaseosa
train_60c,caramelo
train_60d,gaseosa
train_61a,caramelo
train_61b,frijoles
train_61c,vinagre
train_61d,chocolate
train_62a,cereal
train_62b,torta
train_62c,cafe
train_62d,azucar
train_63a,jugo
train_63b,cafe
train_63c,maiz
train_63d,caramelo
train_64a,arroz
train_64b,caramelo
train_64c,leche
train_64d,vinagre
train_65a,arroz
train_65b,maiz
train_65c,especias
train_65d,vinagre
train_66a,cafe
train_66b,frijoles
train_66c,te
train_66d,azucar
train_67a,gaseosa
train_67b,caramelo
train_67c,jugo
train_67d,harina
train_68a,te
train_68b,leche
train_68c,caramelo
train_68d,especias
train_69a,jamon
train_69b,nueces
train_69c,cereal
train_69d,caramelo
train_70a,arroz
train_70b,agua
train_70c,pasta
train_70d,leche
train_71a,jamon
train_71b,salsatomate
train_71c,pescado
train_71d,pasta
train_72a,te
train_72b,caramelo
train_72c,chocolate
train_72d,gaseosa
train_73a,salsatomate
train_73b,pescado
train_73c,especias
train_73d,te
train_74a,especias
train_74b,pasta
train_74c,nueces
train_74d,vinagre
train_75a,jamon
train_75b,frijoles
train_75c,jugo
train_75d,jamon
train_76a,cereal
train_76b,cafe
train_76c,jamon
train_76d,chocolate
train_77a,especias
train_77b,vinagre
train_77c,cafe
train_77d,chocolate
train_78a,chips
train_78b,caramelo
train_78c,caramelo
train_78d,caramelo
train_79a,caramelo
train_79b,aceite
train_79c,aceite
train_79d,maiz
train_80a,harina
train_80b,especias
train_80c,caramelo
train_80d,maiz
train_81a,pasta
train_81b,caramelo
train_81c,vinagre
train_81d,jugo
train_82a,cereal
train_82b,te
train_82c,jamon
train_82d,pasta
train_83a,gaseosa
train_83b,nueces
train_83c,caramelo
train_83d,arroz
train_84a,gaseosa
train_84b,gaseosa
train_84c,maiz
train_84d,gaseosa
train_85a,miel
train_85b,caramelo
train_85c,jugo
train_85d,miel
train_86a,salsatomate
train_86b,cafe
train_86c,gaseosa
train_86d,salsatomate
train_87a,jugo
train_87b,jugo
train_87c,vinagre
train_87d,te
train_88a,leche
train_88b,cafe
train_88c,nueces
train_88d,especias
train_89a,frijoles
train_89b,aceite
train_89c,cereal
train_89d,azucar
train_90a,miel
train_90b,caramelo
train_90c,pasta
train_90d,chocolate
train_91a,leche
train_91b,miel
train_91c,leche
train_91d,pasta
train_92a,especias
train_92b,jugo
train_92c,chocolate
train_92d,te
train_93a,jamon
train_93b,pasta
train_93c,te
train_93d,jugo
train_94a,agua
train_94b,frijoles
train_94c,chips
train_94d,nueces
train_95a,maiz
train_95b,cereal
train_95c,jugo
train_95d,cafe
train_96a,agua
train_96b,miel
train_96c,chocolate
train_96d,arroz
train_97a,frijoles
train_97b,aceite
train_97c,agua
train_97d,pescado
train_98a,chips
train_98b,torta
train_98c,jugo
train_98d,harina
train_99a,pasta
train_99b,chips
train_99c,caramelo
train_99d,te
train_100a,miel
train_100b,miel
train_100c,chocolate
train_100d,especias
train_101a,chocolate
train_101b,miel
train_101c,jugo
train_101d,agua
train_102a,jugo
train_102b,cafe
train_102c,pasta
train_102d,jugo
train_103a,vinagre
train_103b,jugo
train_103c,pasta
train_103d,torta
train_104a,cafe
train_104b,chocolate
train_104c,jugo
train_104d,aceite
train_105a,leche
train_105b,miel
train_105c,pasta
train_105d,agua
train_106a,arroz
train_106b,caramelo
train_106c,cereal
train_106d,cereal
train_107a,arroz
train_107b,cereal
train_107c,miel
train_107d,jamon
train_108a,especias
train_108b,jugo
train_108c,chocolate
train_108d,cafe
train_109a,cafe
train_109b,cereal
train_109c,chocolate
train_109d,cafe
train_110a,salsatomate
train_110b,maiz
train_110c,chocolate
train_110d,agua
train_111a,torta
train_111b,torta
train_111c,agua
train_111d,aceite
train_112a,jugo
train_112b,gaseosa
train_112c,gaseosa
train_112d,harina
train_113a,leche
train_113b,arroz
train_113c,caramelo
train_113d,miel
train_114a,miel
train_114b,leche
train_114c,vinagre
train_114d,frijoles
train_115a,nueces
train_115b,azucar
train_115c,especias
train_115d,salsatomate
train_116a,jamon
train_116b,chips
train_116c,chips
train_116d,chips
train_117a,cafe
train_117b,torta
train_117c,pasta
train_117d,te
train_118a,chocolate
train_118b,pescado
train_118c,pescado
train_118d,cereal
train_119a,harina
train_119b,chips
train_119c,cafe
train_119d,caramelo
train_120a,chips
train_120b,te
train_120c,miel
train_120d,salsatomate
train_121a,jugo
train_121b,pasta
train_121c,salsatomate
train_121d,miel
train_122a,te
train_122b,agua
train_122c,jugo
train_122d,caramelo
train_123a,jugo
train_123b,te
train_123c,aceite
train_123d,miel
train_124a,maiz
train_124b,harina
train_124c,miel
train_124d,chips
train_125a,te
train_125b,agua
train_125c,chips
train_125d,especias
train_126a,pasta
train_126b,chocolate
train_126c,gaseosa
train_126d,caramelo
train_127a,torta
train_127b,chips
train_127c,caramelo
train_127d,azucar
train_128a,salsatomate
train_128b,chocolate
train_128c,caramelo
train_128d,cafe
train_129a,jamon
train_129b,agua
train_129c,frijoles
train_129d,gaseosa
train_130a,te
train_130b,chocolate
train_130c,agua
train_130d,caramelo
train_131a,jugo
train_131b,cereal
train_131c,nueces
train_131d,caramelo
train_132a,cafe
train_132b,aceite
train_132c,nueces
train_132d,salsatomate
train_133a,chocolate
train_133b,nueces
train_133c,chocolate
train_133d,azucar
train_134a,caramelo
train_134b,gaseosa
train_134c,pescado
train_134d,aceite
train_135a,cereal
train_135b,cafe
train_135c,pasta
train_135d,chips
train_136a,harina
train_136b,agua
train_136c,pasta
train_136d,pescado
train_137a,leche
train_137b,nueces
train_137c,harina
train_137d,torta
train_138a,miel
train_138b,chocolate
train_138c,harina
train_138d,caramelo
train_139a,chips
train_139b,agua
train_139c,cereal
train_139d,frijoles
train_140a,miel
train_140b,agua
train_140c,harina
train_140d,miel
train_141a,agua
train_141b,vinagre
train_141c,cereal
train_141d,jugo
train_142a,cereal
train_142b,pasta
train_142c,pescado
train_142d,jugo
train_143a,leche
train_143b,arroz
train_143c,salsatomate
train_143d,maiz
train_144a,frijoles
train_144b,torta
train_144c,jugo
train_144d,especias
train_145a,torta
train_145b,aceite
train_145c,cereal
train_145d,pasta
train_146a,vinagre
train_146b,frijoles
train_146c,nueces
train_146d,salsatomate
train_147a,chips
train_147b,cereal
train_147c,jamon
train_147d,azucar
train_148a,chocolate
train_148b,te
train_148c,caramelo
train_148d,agua
train_149a,especias
train_149b,agua
train_149c,aceite
train_149d,caramelo
train_150a,jugo
train_150b,chips
train_150c,caramelo
train_150d,leche
train_151a,cafe
train_151b,harina
train_151c,jamon
train_151d,caramelo
train_152a,frijoles
train_152b,chocolate
train_152c,gaseosa
train_152d,azucar
train_153a,frijoles
train_153b,chocolate
train_153c,jamon
train_153d,agua
train_154a,vinagre
train_154b,jamon
train_154c,chips
train_154d,cafe
train_155a,cafe
train_155b,maiz
train_155c,nueces
train_155d,torta
train_156a,gaseosa
train_156b,caramelo
train_156c,cereal
train_156d,salsatomate
train_157a,leche
train_157b,pasta
train_157c,harina
train_157d,miel
train_158a,arroz
train_158b,salsatomate
train_158c,frijoles
train_158d,especias
train_159a,jamon
train_159b,cereal
train_159c,agua
train_159d,agua
train_160a,salsatomate
train_160b,aceite
train_160c,maiz
train_160d,maiz
train_161a,aceite
train_161b,jugo
train_161c,maiz
train_161d,aceite
train_162a,harina
train_162b,chips
train_162c,chips
train_162d,cafe
train_163a,cereal
train_163b,arroz
train_163c,cereal
train_163d,jugo
train_164a,aceite
train_164b,pasta
train_164c,torta
train_164d,pescado
train_165a,jamon
train_165b,chocolate
train_165c,torta
train_165d,jugo
train_166a,chocolate
train_166b,salsatomate
train_166c,agua
train_166d,torta
train_167a,pescado
train_167b,jamon
train_167c,caramelo
train_167d,harina
train_168a,jugo
train_168b,vinagre
train_168c,pescado
train_168d,frijoles
train_169a,jugo
train_169b,jamon
train_169c,maiz
train_169d,chips
train_170a,agua
train_170b,chocolate
train_170c,gaseosa
train_170d,cereal
train_171a,torta
train_171b,cereal
train_171c,jamon
train_171d,salsatomate
train_172a,arroz
train_172b,harina
train_172c,especias
train_172d,nueces
train_173a,chocolate
train_173b,pasta
train_173c,caramelo
train_173d,pescado
train_174a,miel
train_174b,nueces
train_174c,leche
train_174d,jamon
train_175a,caramelo
train_175b,azucar
train_175c,chips
train_175d,arroz
train_176a,te
train_176b,jugo
train_176c,cafe
train_176d,nueces
train_177a,nueces
train_177b,agua
train_177c,te
train_177d,nueces
train_178a,miel
train_178b,leche
train_178c,jugo
train_178d,chips
train_179a,te
train_179b,cafe
train_179c,te
train_179d,salsatomate
train_180a,pasta
train_180b,caramelo
train_180c,aceite
train_180d,jugo
train_181a,cafe
train_181b,te
train_181c,chocolate
train_181d,pescado
train_182a,jugo
train_182b,torta
train_182c,cafe
train_182d,cereal
train_183a,jugo
train_183b,agua
train_183c,vinagre
train_183d,frijoles
train_184a,cereal
train_184b,te
train_184c,chocolate
train_184d,chocolate
train_185a,aceite
train_185b,pasta
train_185c,gaseosa
train_185d,cafe
train_186a,pasta
train_186b,salsatomate
train_186c,vinagre
train_186d,torta
train_187a,cafe
train_187b,arroz
train_187c,salsatomate
train_187d,cereal
train_188a,azucar
train_188b,caramelo
train_188c,miel
train_188d,jamon
train_189a,jamon
train_189b,salsatomate
train_189c,chocolate
train_189d,azucar
train_190a,agua
train_190b,chips
train_190c,jamon
train_190d,harina
train_191a,salsatomate
train_191b,te
train_191c,salsatomate
train_191d,pasta
train_192a,arroz
train_192b,cereal
train_192c,cereal
train_192d,pasta
train_193a,cafe
train_193b,leche
train_193c,cereal
train_193d,jugo
train_194a,pescado
train_194b,especias
train_194c,gaseosa
train_194d,pasta
train_195a,te
train_195b,chocolate
train_195c,azucar
train_195d,aceite
train_196a,miel
train_196b,jamon
train_196c,agua
train_196d,nueces
train_197a,caramelo
train_197b,te
train_197c,arroz
train_197d,te
train_198a,jugo
train_198b,jamon
train_198c,maiz
train_198d,especias
train_199a,vinagre
train_199b,cereal
train_199c,aceite
train_199d,gaseosa
train_200a,leche
train_200b,gaseosa
train_200c,jugo
train_200d,torta
train_201a,azucar
train_201b,caramelo
train_201c,caramelo
train_201d,agua
train_202a,te
train_202b,miel
train_202c,jamon
train_202d,jamon
train_203a,jugo
train_203b,nueces
train_203c,leche
train_203d,chips
train_204a,jamon
train_204b,jugo
train_204c,frijoles
train_204d,arroz
train_205a,chips
train_205b,chips
train_205c,te
train_205d,cafe
train_206a,jugo
train_206b,jamon
train_206c,cafe
train_206d,maiz
train_207a,gaseosa
train_207b,jugo
train_207c,gaseosa
train_207d,harina
train_208a,te
train_208b,caramelo
train_208c,miel
train_208d,cafe
train_209a,jugo
train_209b,caramelo
train_209c,agua
train_209d,harina
train_210a,vinagre
train_210b,especias
train_210c,te
train_210d,pasta
train_211a,chocolate
train_211b,chocolate
train_211c,caramelo
train_211d,cereal
train_212a,torta
train_212b,torta
train_212c,chips
train_212d,frijoles
train_213a,arroz
train_213b,chips
train_213c,agua
train_213d,especias
train_214a,cafe
train_214b,torta
train_214c,te
train_214d,gaseosa
train_215a,miel
train_215b,leche
train_215c,azucar
train_215d,caramelo
train_216a,caramelo
train_216b,frijoles
train_216c,torta
train_216d,te
train_217a,cafe
train_217b,especias
train_217c,te
train_217d,pasta
train_218a,especias
train_218b,pescado
train_218c,especias
train_218d,leche
train_219a,cafe
train_219b,azucar
train_219c,frijoles
train_219d,jugo
train_220a,chocolate
train_220b,frijoles
train_220c,harina
train_220d,jugo
train_221a,chips
train_221b,cereal
train_221c,chocolate
train_221d,leche
train_222a,jamon
train_222b,te
train_222c,frijoles
train_222d,caramelo
train_223a,caramelo
train_223b,cafe
train_223c,te
train_223d,cereal
train_224a,agua
train_224b,cafe
train_224c,harina
train_224d,chocolate
train_225a,salsatomate
train_225b,chips
train_225c,vinagre
train_225d,caramelo
train_226a,jamon
train_226b,aceite
train_226c,te
train_226d,chocolate
train_227a,gaseosa
train_227b,caramelo
train_227c,nueces
train_227d,chocolate
train_228a,jamon
train_228b,miel
train_228c,especias
train_228d,jugo
train_229a,harina
train_229b,frijoles
train_229c,nueces
train_229d,nueces
train_230a,miel
train_230b,jamon
train_230c,cafe
train_230d,cafe
train_231a,jugo
train_231b,frijoles
train_231c,cafe
train_231d,te
train_232a,cafe
train_232b,nueces
train_232c,cafe
train_232d,leche
train_233a,miel
train_233b,harina
train_233c,cereal
train_233d,arroz
train_234a,miel
train_234b,pescado
train_234c,azucar
train_234d,pescado
train_235a,te
train_235b,jamon
train_235c,especias
train_235d,jamon
train_236a,cafe
train_236b,arroz
train_236c,miel
train_236d,azucar
train_237a,agua
train_237b,jamon
train_237c,harina
train_237d,caramelo
train_238a,cafe
train_238b,jugo
train_238c,jamon
train_238d,te
train_239a,jugo
train_239b,caramelo
train_239c,gaseosa
train_239d,arroz
train_240a,arroz
train_240b,chocolate
train_240c,jamon
train_240d,cafe
train_241a,azucar
train_241b,chocolate
train_241c,miel
train_241d,agua
train_242a,salsatomate
train_242b,jugo
train_242c,pasta
train_242d,vinagre
train_243a,te
train_243b,torta
train_243c,agua
train_243d,caramelo
train_244a,cafe
train_244b,agua
train_244c,nueces
train_244d,gaseosa
train_245a,leche
train_245b,salsatomate
train_245c,agua
train_245d,harina
train_246a,agua
train_246b,jugo
train_246c,aceite
train_246d,gaseosa
train_247a,torta
train_247b,jamon
train_247c,agua
train_247d,cafe
train_248a,harina
train_248b,cafe
train_248c,pescado
train_248d,maiz
train_249a,jamon
train_249b,torta
train_249c,chips
train_249d,arroz
train_250a,agua
train_250b,te
train_250c,te
train_250d,chips
train_251a,torta
train_251b,jamon
train_251c,vinagre
train_251d,te
train_252a,chocolate
train_252b,cereal
train_252c,pasta
train_252d,frijoles
train_253a,pescado
train_253b,miel
train_253c,harina
train_253d,jamon
train_254a,jugo
train_254b,especias
train_254c,cereal
train_254d,chocolate
train_255a,gaseosa
train_255b,vinagre
train_255c,aceite
train_255d,chips
train_256a,aceite
train_256b,torta
train_256c,te
train_256d,te
train_257a,torta
train_257b,vinagre
train_257c,leche
train_257d,pasta
train_258a,jugo
train_258b,agua
train_258c,cafe
train_258d,te
train_259a,te
train_259b,nueces
train_259c,salsatomate
train_259d,harina
train_260a,miel
train_260b,te
train_260c,aceite
train_260d,maiz
train_261a,aceite
train_261b,leche
train_261c,chips
train_261d,leche
train_262a,caramelo
train_262b,aceite
train_262c,vinagre
train_262d,chips
train_263a,azucar
train_263b,aceite
train_263c,pescado
train_263d,nueces
train_264a,te
train_264b,chocolate
train_264c,jugo
train_264d,cereal
train_265a,agua
train_265b,especias
train_265c,especias
train_265d,frijoles
train_266a,cereal
train_266b,jugo
train_266c,cafe
train_266d,torta
train_267a,caramelo
train_267b,salsatomate
train_267c,nueces
train_267d,cereal
train_268a,jugo
train_268b,te
train_268c,vinagre
train_268d,caramelo
train_269a,especias
train_269b,jugo
train_269c,pasta
train_269d,vinagre
train_270a,cereal
train_270b,cafe
train_270c,torta
train_270d,chocolate
train_271a,te
train_271b,te
train_271c,caramelo
train_271d,frijoles
train_272a,maiz
train_272b,caramelo
train_272c,cafe
train_272d,te
train_273a,cereal
train_273b,torta
train_273c,agua
train_273d,aceite
train_274a,cereal
train_274b,chocolate
train_274c,vinagre
train_274d,chocolate
train_275a,especias
train_275b,torta
train_275c,aceite
train_275d,pescado
train_276a,caramelo
train_276b,frijoles
train_276c,especias
train_276d,te
train_277a,aceite
train_277b,chocolate
train_277c,salsatomate
train_277d,pasta
train_278a,gaseosa
train_278b,salsatomate
train_278c,gaseosa
train_278d,cereal
train_279a,cereal
train_279b,pasta
train_279c,te
train_279d,jugo
train_280a,cereal
train_280b,agua
train_280c,cereal
train_280d,te
train_281a,vinagre
train_281b,miel
train_281c,jamon
train_281d,frijoles
train_282a,cafe
train_282b,chocolate
train_282c,especias
train_282d,miel
train_283a,cafe
train_283b,gaseosa
train_283c,agua
train_283d,miel
train_284a,aceite
train_284b,agua
train_284c,te
train_284d,caramelo
train_285a,jugo
train_285b,vinagre
train_285c,vinagre
train_285d,pasta
train_286a,pasta
train_286b,jamon
train_286c,cafe
train_286d,pasta
train_287a,jugo
train_287b,gaseosa
train_287c,te
train_287d,azucar
train_288a,harina
train_288b,maiz
train_288c,agua
train_288d,caramelo
train_289a,jugo
train_289b,pasta
train_289c,aceite
train_289d,arroz
train_290a,aceite
train_290b,jamon
train_290c,cafe
train_290d,chips
train_291a,especias
train_291b,jugo
train_291c,harina
train_291d,maiz
train_292a,chocolate
train_292b,torta
train_292c,te
train_292d,te
train_293a,caramelo
train_293b,jamon
train_293c,leche
train_293d,frijoles
train_294a,nueces
train_294b,agua
train_294c,gaseosa
train_294d,gaseosa
train_295a,chips
train_295b,cafe
train_295c,te
train_295d,caramelo
train_296a,vinagre
train_296b,arroz
train_296c,miel
train_296d,cafe
train_297a,aceite
train_297b,cafe
train_297c,cereal
train_297d,caramelo
train_298a,cafe
train_298b,chocolate
train_298c,nueces
train_298d,jamon
train_299a,pasta
train_299b,chips
train_299c,caramelo
train_299d,jamon
train_300a,nueces
train_300b,jamon
train_300c,chocolate
train_300d,caramelo
train_301a,miel
train_301b,jugo
train_301c,nueces
train_301d,pescado
train_302a,pescado
train_302b,caramelo
train_302c,maiz
train_302d,cafe
train_303a,torta
train_303b,chocolate
train_303c,cereal
train_303d,agua
train_304a,jamon
train_304b,cereal
train_304c,cereal
train_304d,jugo
train_305a,especias
train_305b,pasta
train_305c,especias
train_305d,gaseosa
train_306a,harina
train_306b,arroz
train_306c,jugo
train_306d,cereal
train_307a,aceite
train_307b,gaseosa
train_307c,chocolate
train_307d,te
train_308a,torta
train_308b,especias
train_308c,frijoles
train_308d,arroz
train_309a,chips
train_309b,vinagre
train_309c,vinagre
train_309d,caramelo
train_310a,jamon
train_310b,frijoles
train_310c,especias
train_310d,frijoles
train_311a,especias
train_311b,chips
train_311c,caramelo
train_311d,cereal
train_312a,maiz
train_312b,leche
train_312c,especias
train_312d,leche
train_313a,vinagre
train_313b,jugo
train_313c,jugo
train_313d,chocolate
train_314a,torta
train_314b,vinagre
train_314c,nueces
train_314d,salsatomate
train_315a,miel
train_315b,jugo
train_315c,leche
train_315d,azucar
train_316a,caramelo
train_316b,chips
train_316c,leche
train_316d,torta
train_317a,especias
train_317b,jugo
train_317c,te
train_317d,cereal
train_318a,chips
train_318b,caramelo
train_318c,gaseosa
train_318d,chips
train_319a,especias
train_319b,chocolate
train_319c,cafe
train_319d,torta
train_320a,miel
train_320b,salsatomate
train_320c,pescado
train_320d,arroz
train_321a,cereal
train_321b,salsatomate
train_321c,jugo
train_321d,chocolate
train_322a,te
train_322b,especias
train_322c,jugo
train_322d,pasta
train_323a,cafe
train_323b,azucar
train_323c,jugo
train_323d,chips
train_324a,nueces
train_324b,miel
train_324c,torta
train_324d,vinagre
train_325a,chips
train_325b,te
train_325c,chips
train_325d,azucar
train_326a,cereal
train_326b,gaseosa
train_326c,aceite
train_326d,frijoles
train_327a,jugo
train_327b,pasta
train_327c,cereal
train_327d,harina
train_328a,jugo
train_328b,cafe
train_328c,azucar
train_328d,agua
train_329a,especias
train_329b,torta
train_329c,especias
train_329d,caramelo
train_330a,caramelo
train_330b,chocolate
train_330c,especias
train_330d,harina
train_331a,miel
train_331b,jugo
train_331c,chocolate
train_331d,caramelo
train_332a,jamon
train_332b,leche
train_332c,jamon
train_332d,leche
train_333a,salsatomate
train_333b,cereal
train_333c,cereal
train_333d,harina
train_334a,leche
train_334b,especias
train_334c,torta
train_334d,arroz
train_335a,jamon
train_335b,te
train_335c,jamon
train_335d,aceite
train_336a,maiz
train_336b,torta
train_336c,te
train_336d,nueces
train_337a,chocolate
train_337b,arroz
train_337c,cafe
train_337d,agua
train_338a,miel
train_338b,jugo
train_338c,salsatomate
train_338d,frijoles
train_339a,chocolate
train_339b,arroz
train_339c,jamon
train_339d,pescado
train_340a,arroz
train_340b,aceite
train_340c,vinagre
train_340d,caramelo
train_341a,leche
train_341b,caramelo
train_341c,agua
train_341d,gaseosa
train_342a,especias
train_342b,azucar
train_342c,chips
train_342d,jugo
train_343a,harina
train_343b,agua
train_343c,torta
train_343d,azucar
train_344a,miel
train_344b,especias
train_344c,especias
train_344d,pasta
train_345a,arroz
train_345b,maiz
train_345c,nueces
train_345d,jugo
train_346a,nueces
train_346b,leche
train_346c,gaseosa
train_346d,torta
train_347a,miel
train_347b,pasta
train_347c,caramelo
train_347d,nueces
train_348a,jamon
train_348b,jugo
train_348c,cereal
train_348d,arroz
train_349a,te
train_349b,agua
train_349c,cereal
train_349d,jugo
train_350a,caramelo
train_350b,especias
train_350c,vinagre
train_350d,pasta
train_351a,caramelo
train_351b,gaseosa
train_351c,chips
train_351d,caramelo
train_352a,agua
train_352b,cafe
train_352c,agua
train_352d,te
train_353a,azucar
train_353b,especias
train_353c,arroz
train_353d,chocolate
train_354a,nueces
train_354b,miel
train_354c,jamon
train_354d,frijoles
train_355a,cafe
train_355b,caramelo
train_355c,especias
train_355d,nueces
train_356a,leche
train_356b,arroz
train_356c,pasta
train_356d,arroz
train_357a,pasta
train_357b,caramelo
train_357c,arroz
train_357d,nueces
train_358a,salsatomate
train_358b,te
train_358c,chips
train_358d,caramelo
train_359a,jugo
train_359b,frijoles
train_359c,vinagre
train_359d,agua
train_360a,agua
train_360b,pescado
train_360c,pescado
train_360d,cafe
train_361a,gaseosa
train_361b,arroz
train_361c,jugo
train_361d,arroz
train_362a,jugo
train_362b,caramelo
train_362c,vinagre
train_362d,pasta
train_363a,jamon
train_363b,caramelo
train_363c,chocolate
train_363d,cereal
train_364a,gaseosa
train_364b,jamon
train_364c,salsatomate
train_364d,caramelo
train_365a,aceite
train_365b,salsatomate
train_365c,pescado
train_365d,chocolate
train_366a,cereal
train_366b,salsatomate
train_366c,aceite
train_366d,miel
train_367a,jugo
train_367b,agua
train_367c,chips
train_367d,jamon
train_368a,nueces
train_368b,chocolate
train_368c,aceite
train_368d,chocolate
train_369a,cereal
train_369b,te
train_369c,jamon
train_369d,te
train_370a,harina
train_370b,jamon
train_370c,jugo
train_370d,jugo
train_371a,nueces
train_371b,caramelo
train_371c,te
train_371d,cafe
train_372a,jugo
train_372b,chips
train_372c,chips
train_372d,chocolate
train_373a,especias
train_373b,miel
train_373c,frijoles
train_373d,jamon
train_374a,cafe
train_374b,miel
train_374c,azucar
train_374d,pasta
train_375a,agua
train_375b,chocolate
train_375c,especias
train_375d,caramelo
train_376a,caramelo
train_376b,chocolate
train_376c,gaseosa
train_376d,cereal
train_377a,especias
train_377b,harina
train_377c,especias
train_377d,leche
train_378a,gaseosa
train_378b,agua
train_378c,leche
train_378d,cereal
train_379a,especias
train_379b,nueces
train_379c,vinagre
train_379d,chips
train_380a,jamon
train_380b,salsatomate
train_380c,caramelo
train_380d,gaseosa
train_381a,salsatomate
train_381b,pasta
train_381c,cafe
train_381d,nueces
train_382a,jamon
train_382b,leche
train_382c,te
train_382d,frijoles
train_383a,chocolate
train_383b,te
train_383c,vinagre
train_383d,jamon
train_384a,azucar
train_384b,salsatomate
train_384c,te
train_384d,arroz
train_385a,nueces
train_385b,especias
train_385c,aceite
train_385d,cafe
train_386a,chocolate
train_386b,salsatomate
train_386c,jugo
train_386d,jamon
train_387a,cereal
train_387b,frijoles
train_387c,especias
train_387d,pasta
train_388a,jugo
train_388b,chocolate
train_388c,jugo
train_388d,nueces
train_389a,agua
train_389b,chocolate
train_389c,cafe
train_389d,vinagre
train_390a,aceite
train_390b,gaseosa
train_390c,torta
train_390d,chocolate
train_391a,chocolate
train_391b,agua
train_391c,agua
train_391d,especias
train_392a,pasta
train_392b,chocolate
train_392c,nueces
train_392d,leche
train_393a,salsatomate
train_393b,harina
train_393c,chocolate
train_393d,miel
train_394a,frijoles
train_394b,chocolate
train_394c,gaseosa
train_394d,salsatomate
train_395a,te
train_395b,gaseosa
train_395c,te
train_395d,azucar
train_396a,te
train_396b,cafe
train_396c,arroz
train_396d,pescado
train_397a,chocolate
train_397b,nueces
train_397c,jugo
train_397d,azucar
train_398a,pasta
train_398b,chips
train_398c,caramelo
train_398d,jugo
train_399a,caramelo
train_399b,maiz
train_399c,jugo
train_399d,harina
train_400a,salsatomate
train_400b,caramelo
train_400c,chips
train_400d,frijoles
train_401a,agua
train_401b,frijoles
train_401c,vinagre
train_401d,te
train_402a,te
train_402b,aceite
train_402c,chips
train_402d,especias
train_403a,jugo
train_403b,salsatomate
train_403c,especias
train_403d,frijoles
train_404a,especias
train_404b,pescado
train_404c,especias
train_404d,cereal
train_405a,agua
train_405b,chips
train_405c,jugo
train_405d,aceite
train_406a,torta
train_406b,cereal
train_406c,cereal
train_406d,torta
train_407a,pasta
train_407b,frijoles
train_407c,te
train_407d,chocolate
train_408a,salsatomate
train_408b,chocolate
train_408c,te
train_408d,pescado
train_409a,harina
train_409b,salsatomate
train_409c,jugo
train_409d,pescado
train_410a,agua
train_410b,leche
train_410c,agua
train_410d,te
train_411a,gaseosa
train_411b,chips
train_411c,chocolate
train_411d,vinagre
train_412a,miel
train_412b,azucar
train_412c,cafe
train_412d,salsatomate
train_413a,jugo
train_413b,frijoles
train_413c,leche
train_413d,cereal
train_414a,torta
train_414b,te
train_414c,frijoles
train_414d,maiz
train_415a,caramelo
train_415b,gaseosa
train_415c,harina
train_415d,nueces
train_416a,aceite
train_416b,caramelo
train_416c,chocolate
train_416d,torta
train_417a,arroz
train_417b,especias
train_417c,agua
train_417d,vinagre
train_418a,vinagre
train_418b,caramelo
train_418c,jugo
train_418d,vinagre
train_419a,jugo
train_419b,caramelo
train_419c,vinagre
train_419d,azucar
train_420a,caramelo
train_420b,aceite
train_420c,maiz
train_420d,caramelo
train_421a,pescado
train_421b,caramelo
train_421c,frijoles
train_421d,caramelo
train_422a,cereal
train_422b,cereal
train_422c,agua
train_422d,cereal
train_423a,pescado
train_423b,leche
train_423c,especias
train_423d,te
train_424a,caramelo
train_424b,especias
train_424c,agua
train_424d,chocolate
train_425a,miel
train_425b,torta
train_425c,cereal
train_425d,leche
train_426a,cereal
train_426b,caramelo
train_426c,chocolate
train_426d,caramelo
train_427a,te
train_427b,torta
train_427c,vinagre
train_427d,jamon
train_428a,cereal
train_428b,cafe
train_428c,salsatomate
train_428d,aceite
train_429a,miel
train_429b,cereal
train_429c,chocolate
train_429d,miel
train_430a,jugo
train_430b,gaseosa
train_430c,te
train_430d,maiz
train_431a,cereal
train_431b,aceite
train_431c,miel
train_431d,caramelo
train_432a,chocolate
train_432b,jugo
train_432c,cafe
train_432d,jamon
train_433a,chips
train_433b,jamon
train_433c,pasta
train_433d,cereal
train_434a,jugo
train_434b,vinagre
train_434c,vinagre
train_434d,caramelo
train_435a,leche
train_435b,caramelo
train_435c,leche
train_435d,caramelo
train_436a,te
train_436b,chips
train_436c,chocolate
train_436d,gaseosa
train_437a,chocolate
train_437b,especias
train_437c,cereal
train_437d,cereal
train_438a,te
train_438b,pasta
train_438c,pasta
train_438d,cafe
train_439a,chips
train_439b,cafe
train_439c,cereal
train_439d,aceite
train_440a,te
train_440b,agua
train_440c,azucar
train_440d,salsatomate
train_441a,pasta
train_441b,jamon
train_441c,arroz
train_441d,chips
train_442a,miel
train_442b,jugo
train_442c,salsatomate
train_442d,vinagre
train_443a,cafe
train_443b,chocolate
train_443c,cereal
train_443d,agua
train_444a,vinagre
train_444b,arroz
train_444c,gaseosa
train_444d,jugo
train_445a,leche
train_445b,te
train_445c,te
train_445d,gaseosa
train_446a,miel
train_446b,azucar
train_446c,cereal
train_446d,chocolate
train_447a,salsatomate
train_447b,caramelo
train_447c,agua
train_447d,pescado
train_448a,agua
train_448b,jugo
train_448c,nueces
train_448d,frijoles
train_449a,jamon
train_449b,frijoles
train_449c,agua
train_449d,te
train_450a,caramelo
train_450b,caramelo
train_450c,caramelo
train_450d,cereal
train_451a,especias
train_451b,miel
train_451c,nueces
train_451d,cafe
train_452a,torta
train_452b,cereal
train_452c,jugo
train_452d,arroz
train_453a,te
train_453b,leche
train_453c,vinagre
train_453d,nueces
train_454a,agua
train_454b,te
train_454c,miel
train_454d,miel
train_455a,frijoles
train_455b,jamon
train_455c,vinagre
train_455d,jugo
train_456a,chips
train_456b,caramelo
train_456c,agua
train_456d,maiz
train_457a,te
train_457b,te
train_457c,jugo
train_457d,caramelo
train_458a,pescado
train_458b,te
train_458c,jugo
train_458d,miel
train_459a,chocolate
train_459b,agua
train_459c,jugo
train_459d,agua
train_460a,chips
train_460b,jamon
train_460c,agua
train_460d,jugo
train_461a,salsatomate
train_461b,pasta
train_461c,nueces
train_461d,jugo
train_462a,chips
train_462b,jamon
train_462c,chocolate
train_462d,jugo
train_463a,leche
train_463b,chips
train_463c,maiz
train_463d,chips
train_464a,caramelo
train_464b,te
train_464c,jugo
train_464d,agua
train_465a,jugo
train_465b,chocolate
train_465c,agua
train_465d,torta
train_466a,jamon
train_466b,miel
train_466c,caramelo
train_466d,chocolate
train_467a,nueces
train_467b,vinagre
train_467c,cafe
train_467d,cereal
train_468a,cereal
train_468b,maiz
train_468c,aceite
train_468d,cereal
train_469a,jugo
train_469b,especias
train_469c,azucar
train_469d,miel
train_470a,gaseosa
train_470b,azucar
train_470c,agua
train_470d,te
train_471a,caramelo
train_471b,azucar
train_471c,jamon
train_471d,torta
train_472a,azucar
train_472b,cafe
train_472c,salsatomate
train_472d,cereal
train_473a,pasta
train_473b,arroz
train_473c,jugo
train_473d,jamon
train_474a,leche
train_474b,pasta
train_474c,jugo
train_474d,frijoles
train_475a,gaseosa
train_475b,chips
train_475c,caramelo
train_475d,jamon
train_476a,jugo
train_476b,frijoles
train_476c,especias
train_476d,caramelo
train_477a,gaseosa
train_477b,azucar
train_477c,maiz
train_477d,agua
train_478a,chocolate
train_478b,cereal
train_478c,cafe
train_478d,cereal
train_479a,caramelo
train_479b,jugo
train_479c,leche
train_479d,especias
train_480a,leche
train_480b,gaseosa
train_480c,arroz
train_480d,te
train_481a,te
train_481b,jugo
train_481c,jamon
train_481d,especias
train_482a,jamon
train_482b,miel
train_482c,jamon
train_482d,caramelo
train_483a,harina
train_483b,caramelo
train_483c,torta
train_483d,especias
train_484a,maiz
train_484b,chips
train_484c,chips
train_484d,frijoles
train_485a,frijoles
train_485b,caramelo
train_485c,chocolate
train_485d,vinagre
train_486a,te
train_486b,vinagre
train_486c,caramelo
train_486d,arroz
train_487a,pasta
train_487b,caramelo
train_487c,especias
train_487d,vinagre
train_488a,azucar
train_488b,chocolate
train_488c,gaseosa
train_488d,cafe
train_489a,agua
train_489b,aceite
train_489c,nueces
train_489d,aceite
train_490a,chocolate
train_490b,te
train_490c,azucar
train_490d,leche
train_491a,azucar
train_491b,gaseosa
train_491c,especias
train_491d,agua
train_492a,cereal
train_492b,cereal
train_492c,miel
train_492d,jugo
train_493a,caramelo
train_493b,torta
train_493c,chocolate
train_493d,arroz
train_494a,cafe
train_494b,azucar
train_494c,jugo
train_494d,nueces
train_495a,chips
train_495b,cereal
train_495c,caramelo
train_495d,cafe
train_496a,pasta
train_496b,vinagre
train_496c,cereal
train_496d,chocolate
train_497a,te
train_497b,te
train_497c,leche
train_497d,chocolate
train_498a,nueces
train_498b,jamon
train_498c,agua
train_498d,torta
train_499a,cafe
train_499b,maiz
train_499c,agua
train_499d,caramelo
train_500a,harina
train_500b,jamon
train_500c,miel
train_500d,pasta
train_501a,salsatomate
train_501b,te
train_501c,salsatomate
train_501d,nueces
train_502a,aceite
train_502b,chocolate
train_502c,agua
train_502d,gaseosa
train_503a,azucar
train_503b,te
train_503c,leche
train_503d,jamon
train_504a,gaseosa
train_504b,cereal
train_504c,jamon
train_504d,te
train_505a,te
train_505b,frijoles
train_505c,pescado
train_505d,especias
train_506a,cafe
train_506b,jamon
train_506c,aceite
train_506d,frijoles
train_507a,jamon
train_507b,torta
train_507c,torta
train_507d,te
train_508a,chocolate
train_508b,te
train_508c,pasta
train_508d,gaseosa
train_509a,cereal
train_509b,pasta
train_509c,agua
train_509d,torta
train_510a,torta
train_510b,agua
train_510c,cereal
train_510d,gaseosa
train_511a,leche
train_511b,chips
train_511c,nueces
train_511d,gaseosa
train_512a,caramelo
train_512b,te
train_512c,caramelo
train_512d,especias
train_513a,cafe
train_513b,aceite
train_513c,jamon
train_513d,chips
train_514a,caramelo
train_514b,maiz
train_514c,torta
train_514d,agua
train_515a,cafe
train_515b,torta
train_515c,azucar
train_515d,vinagre
train_516a,leche
train_516b,salsatomate
train_516c,pasta
train_516d,aceite
train_517a,cereal
train_517b,jamon
train_517c,aceite
train_517d,chocolate
train_518a,cafe
train_518b,chips
train_518c,nueces
train_518d,cereal
train_519a,salsatomate
train_519b,azucar
train_519c,harina
train_519d,arroz
train_520a,cereal
train_520b,salsatomate
train_520c,cereal
train_520d,pasta
train_521a,azucar
train_521b,miel
train_521c,cafe
train_521d,caramelo
train_522a,maiz
train_522b,cereal
train_522c,aceite
train_522d,chips
train_523a,frijoles
train_523b,jamon
train_523c,jamon
train_523d,vinagre
train_524a,chips
train_524b,arroz
train_524c,leche
train_524d,nueces
train_525a,frijoles
train_525b,arroz
train_525c,especias
train_525d,harina
train_526a,torta
train_526b,pasta
train_526c,jamon
train_526d,cafe
train_527a,jugo
train_527b,nueces
train_527c,te
train_527d,frijoles
train_528a,jugo
train_528b,cafe
train_528c,chocolate
train_528d,cereal
train_529a,caramelo
train_529b,cereal
train_529c,harina
train_529d,jugo
train_530a,cafe
train_530b,miel
train_530c,jugo
train_530d,gaseosa
train_531a,leche
train_531b,chocolate
train_531c,miel
train_531d,especias
train_532a,agua
train_532b,jamon
train_532c,leche
train_532d,arroz
train_533a,cafe
train_533b,salsatomate
train_533c,caramelo
train_533d,jugo
train_534a,cafe
train_534b,nueces
train_534c,leche
train_534d,cafe
train_535a,caramelo
train_535b,especias
train_535c,agua
train_535d,caramelo
train_536a,caramelo
train_536b,jugo
train_536c,gaseosa
train_536d,jugo
train_537a,torta
train_537b,salsatomate
train_537c,leche
train_537d,agua
train_538a,chips
train_538b,caramelo
train_538c,jamon
train_538d,caramelo
train_539a,especias
train_539b,cafe
train_539c,caramelo
train_539d,agua
train_540a,chips
train_540b,chocolate
train_540c,agua
train_540d,miel
train_541a,cereal
train_541b,vinagre
train_541c,gaseosa
train_541d,especias
train_542a,jugo
train_542b,jugo
train_542c,chocolate
train_542d,leche
train_543a,jamon
train_543b,especias
train_543c,pescado
train_543d,chips
train_544a,te
train_544b,arroz
train_544c,aceite
train_544d,jamon
train_545a,salsatomate
train_545b,gaseosa
train_545c,te
train_545d,jamon
train_546a,chips
train_546b,chocolate
train_546c,te
train_546d,agua
train_547a,caramelo
train_547b,miel
train_547c,te
train_547d,chocolate
train_548a,salsatomate
train_548b,caramelo
train_548c,caramelo
train_548d,chocolate
train_549a,chocolate
train_549b,cereal
train_549c,pasta
train_549d,arroz
train_550a,especias
train_550b,chocolate
train_550c,harina
train_550d,cafe
train_551a,miel
train_551b,vinagre
train_551c,pasta
train_551d,miel
train_552a,pasta
train_552b,azucar
train_552c,te
train_552d,caramelo
train_553a,harina
train_553b,jugo
train_553c,nueces
train_553d,pasta
train_554a,caramelo
train_554b,frijoles
train_554c,arroz
train_554d,chocolate
train_555a,azucar
train_555b,pasta
train_555c,jugo
train_555d,salsatomate
train_556a,te
train_556b,jamon
train_556c,aceite
train_556d,maiz
train_557a,pasta
train_557b,leche
train_557c,caramelo
train_557d,leche
train_558a,cafe
train_558b,gaseosa
train_558c,agua
train_558d,maiz
train_559a,chocolate
train_559b,caramelo
train_559c,agua
train_559d,cafe
train_560a,azucar
train_560b,miel
train_560c,cafe
train_560d,maiz
train_561a,caramelo
train_561b,pescado
train_561c,cereal
train_561d,jamon
train_562a,harina
train_562b,cafe
train_562c,leche
train_562d,te
train_563a,nueces
train_563b,jugo
train_563c,te
train_563d,torta
train_564a,gaseosa
train_564b,azucar
train_564c,cafe
train_564d,salsatomate
train_565a,te
train_565b,jamon
train_565c,cafe
train_565d,chocolate
train_566a,leche
train_566b,leche
train_566c,cafe
train_566d,leche
train_567a,cereal
train_567b,agua
train_567c,azucar
train_567d,pasta
train_568a,jugo
train_568b,jamon
train_568c,especias
train_568d,frijoles
train_569a,vinagre
train_569b,nueces
train_569c,chocolate
train_569d,especias
train_570a,cafe
train_570b,caramelo
train_570c,gaseosa
train_570d,gaseosa
train_571a,cafe
train_571b,pescado
train_571c,chips
train_571d,jugo
train_572a,cereal
train_572b,cereal
train_572c,chips
train_572d,arroz
train_573a,maiz
train_573b,salsatomate
train_573c,jamon
train_573d,chocolate
train_574a,especias
train_574b,harina
train_574c,te
train_574d,jamon
train_575a,agua
train_575b,cereal
train_575c,miel
train_575d,torta
train_576a,jugo
train_576b,caramelo
train_576c,te
train_576d,salsatomate
train_577a,jugo
train_577b,nueces
train_577c,jamon
train_577d,nueces
train_578a,te
train_578b,caramelo
train_578c,chocolate
train_578d,pasta
train_579a,torta
train_579b,cereal
train_579c,te
train_579d,pescado
train_580a,chocolate
train_580b,cereal
train_580c,nueces
train_580d,leche
train_581a,cafe
train_581b,azucar
train_581c,azucar
train_581d,maiz
train_582a,azucar
train_582b,aceite
train_582c,caramelo
train_582d,agua
train_583a,agua
train_583b,gaseosa
train_583c,caramelo
train_583d,chocolate
train_584a,frijoles
train_584b,jugo
train_584c,torta
train_584d,nueces
train_585a,nueces
train_585b,torta
train_585c,te
train_585d,pasta
train_586a,pescado
train_586b,vinagre
train_586c,agua
train_586d,torta
train_587a,especias
train_587b,torta
train_587c,chocolate
train_587d,arroz
train_588a,harina
train_588b,caramelo
train_588c,torta
train_588d,especias
train_589a,chocolate
train_589b,te
train_589c,chips
train_589d,pescado
train_590a,te
train_590b,cafe
train_590c,harina
train_590d,cereal
train_591a,chips
train_591b,torta
train_591c,azucar
train_591d,chocolate
train_592a,salsatomate
train_592b,agua
train_592c,jugo
train_592d,jamon
train_593a,chips
train_593b,torta
train_593c,cereal
train_593d,cereal
train_594a,torta
train_594b,caramelo
train_594c,jamon
train_594d,aceite
train_595a,salsatomate
train_595b,agua
train_595c,pasta
train_595d,caramelo
train_596a,leche
train_596b,agua
train_596c,vinagre
train_596d,te
train_597a,cereal
train_597b,nueces
train_597c,pasta
train_597d,torta
train_598a,jamon
train_598b,cereal
train_598c,maiz
train_598d,salsatomate
train_599a,jugo
train_599b,azucar
train_599c,harina
train_599d,caramelo
train_600a,te
train_600b,nueces
train_600c,nueces
train_600d,cafe
train_601a,agua
train_601b,jugo
train_601c,agua
train_601d,jugo
train_602a,torta
train_602b,azucar
train_602c,te
train_602d,chocolate
train_603a,nueces
train_603b,vinagre
train_603c,especias
train_603d,jugo
train_604a,jamon
train_604b,miel
train_604c,te
train_604d,pescado
train_605a,especias
train_605b,azucar
train_605c,salsatomate
train_605d,especias
train_606a,torta
train_606b,jamon
train_606c,agua
train_606d,agua
train_607a,jugo
train_607b,gaseosa
train_607c,chips
train_607d,torta
train_608a,chocolate
train_608b,chips
train_608c,cafe
train_608d,salsatomate
train_609a,miel
train_609b,vinagre
train_609c,frijoles
train_609d,torta
train_610a,harina
train_610b,pasta
train_610c,te
train_610d,jugo
train_611a,jugo
train_611b,chips
train_611c,caramelo
train_611d,jamon
train_612a,agua
train_612b,caramelo
train_612c,leche
train_612d,chocolate
train_613a,pasta
train_613b,chocolate
train_613c,gaseosa
train_613d,caramelo
train_614a,chips
train_614b,arroz
train_614c,jugo
train_614d,agua
train_615a,caramelo
train_615b,harina
train_615c,chocolate
train_615d,especias
train_616a,aceite
train_616b,jugo
train_616c,azucar
train_616d,especias
train_617a,leche
train_617b,cafe
train_617c,cafe
train_617d,frijoles
train_618a,chocolate
train_618b,maiz
train_618c,pasta
train_618d,leche
train_619a,caramelo
train_619b,pasta
train_619c,agua
train_619d,cereal
train_620a,arroz
train_620b,chocolate
train_620c,frijoles
train_620d,leche
train_621a,caramelo
train_621b,frijoles
train_621c,arroz
train_621d,vinagre
train_622a,vinagre
train_622b,jamon
train_622c,cafe
train_622d,pasta
train_623a,caramelo
train_623b,agua
train_623c,salsatomate
train_623d,especias
train_624a,jugo
train_624b,gaseosa
train_624c,arroz
train_624d,pasta
train_625a,pasta
train_625b,cafe
train_625c,pasta
train_625d,te
train_626a,jugo
train_626b,cafe
train_626c,chocolate
train_626d,frijoles
train_627a,salsatomate
train_627b,salsatomate
train_627c,salsatomate
train_627d,gaseosa
train_628a,caramelo
train_628b,pescado
train_628c,jugo
train_628d,cereal
train_629a,miel
train_629b,cereal
train_629c,agua
train_629d,jugo
train_630a,aceite
train_630b,miel
train_630c,jugo
train_630d,torta
train_631a,arroz
train_631b,agua
train_631c,cafe
train_631d,arroz
train_632a,cereal
train_632b,jugo
train_632c,chocolate
train_632d,jamon
train_633a,te
train_633b,salsatomate
train_633c,caramelo
train_633d,te
train_634a,caramelo
train_634b,pescado
train_634c,gaseosa
train_634d,miel
train_635a,chocolate
train_635b,agua
train_635c,vinagre
train_635d,cafe
train_636a,gaseosa
train_636b,cafe
train_636c,gaseosa
train_636d,pescado
train_637a,azucar
train_637b,agua
train_637c,azucar
train_637d,azucar
train_638a,cafe
train_638b,aceite
train_638c,aceite
train_638d,pescado
train_639a,jugo
train_639b,te
train_639c,chips
train_639d,chips
train_640a,aceite
train_640b,caramelo
train_640c,vinagre
train_640d,jamon
train_641a,miel
train_641b,cereal
train_641c,aceite
train_641d,cafe
train_642a,cafe
train_642b,miel
train_642c,jamon
train_642d,arroz
train_643a,miel
train_643b,arroz
train_643c,leche
train_643d,miel
train_644a,chocolate
train_644b,maiz
train_644c,especias
train_644d,miel
train_645a,vinagre
train_645b,aceite
train_645c,harina
train_645d,especias
train_646a,pescado
train_646b,torta
train_646c,agua
train_646d,chocolate
train_647a,arroz
train_647b,nueces
train_647c,especias
train_647d,agua
train_648a,jamon
train_648b,arroz
train_648c,caramelo
train_648d,vinagre
train_649a,maiz
train_649b,harina
train_649c,jamon
train_649d,nueces
train_650a,especias
train_650b,chips
train_650c,leche
train_650d,especias
train_651a,jugo
train_651b,torta
train_651c,chocolate
train_651d,agua
train_652a,caramelo
train_652b,especias
train_652c,chocolate
train_652d,gaseosa
train_653a,frijoles
train_653b,torta
train_653c,caramelo
train_653d,cafe
train_654a,especias
train_654b,cafe
train_654c,caramelo
train_654d,pescado
train_655a,frijoles
train_655b,caramelo
train_655c,pasta
train_655d,agua
train_656a,pasta
train_656b,pasta
train_656c,vinagre
train_656d,aceite
train_657a,cafe
train_657b,frijoles
train_657c,chocolate
train_657d,nueces
train_658a,leche
train_658b,jamon
train_658c,nueces
train_658d,agua
train_659a,cafe
train_659b,cafe
train_659c,jamon
train_659d,cereal
train_660a,chips
train_660b,aceite
train_660c,te
train_660d,te
train_661a,caramelo
train_661b,cereal
train_661c,cafe
train_661d,pescado
train_662a,chips
train_662b,cafe
train_662c,caramelo
train_662d,arroz
train_663a,chips
train_663b,especias
train_663c,aceite
train_663d,caramelo
train_664a,caramelo
train_664b,frijoles
train_664c,cafe
train_664d,caramelo
train_665a,te
train_665b,aceite
train_665c,chips
train_665d,chocolate
train_666a,caramelo
train_666b,gaseosa
train_666c,maiz
train_666d,caramelo
train_667a,chips
train_667b,jugo
train_667c,especias
train_667d,frijoles
train_668a,maiz
train_668b,especias
train_668c,jamon
train_668d,chocolate
train_669a,maiz
train_669b,caramelo
train_669c,gaseosa
train_669d,torta
train_670a,te
train_670b,cafe
train_670c,cafe
train_670d,chips
train_671a,pescado
train_671b,azucar
train_671c,maiz
train_671d,cereal
train_672a,jamon
train_672b,cafe
train_672c,nueces
train_672d,aceite
train_673a,te
train_673b,caramelo
train_673c,vinagre
train_673d,caramelo
train_674a,leche
train_674b,cereal
train_674c,vinagre
train_674d,te
train_675a,arroz
train_675b,gaseosa
train_675c,cafe
train_675d,jamon
train_676a,aceite
train_676b,salsatomate
train_676c,especias
train_676d,caramelo
train_677a,pasta
train_677b,caramelo
train_677c,miel
train_677d,chocolate
train_678a,salsatomate
train_678b,chocolate
train_678c,jamon
train_678d,torta
train_679a,cereal
train_679b,frijoles
train_679c,cafe
train_679d,cafe
train_680a,harina
train_680b,miel
train_680c,cafe
train_680d,harina
train_681a,miel
train_681b,cafe
train_681c,caramelo
train_681d,nueces
train_682a,vinagre
train_682b,aceite
train_682c,te
train_682d,caramelo
train_683a,agua
train_683b,gaseosa
train_683c,cafe
train_683d,frijoles
train_684a,pasta
train_684b,jamon
train_684c,chocolate
train_684d,gaseosa
train_685a,frijoles
train_685b,pescado
train_685c,nueces
train_685d,chocolate
train_686a,chocolate
train_686b,caramelo
train_686c,nueces
train_686d,cafe
train_687a,frijoles
train_687b,caramelo
train_687c,agua
train_687d,chocolate
train_688a,pasta
train_688b,cafe
train_688c,cafe
train_688d,caramelo
train_689a,agua
train_689b,agua
train_689c,caramelo
train_689d,chocolate
train_690a,vinagre
train_690b,gaseosa
train_690c,cafe
train_690d,chocolate
train_691a,agua
train_691b,agua
train_691c,jugo
train_691d,miel
train_692a,pasta
train_692b,nueces
train_692c,caramelo
train_692d,azucar
train_693a,pescado
train_693b,cafe
train_693c,jamon
train_693d,leche
train_694a,leche
train_694b,vinagre
train_694c,agua
train_694d,jamon
train_695a,harina
train_695b,jamon
train_695c,especias
train_695d,especias
train_696a,pescado
train_696b,te
train_696c,jugo
train_696d,jugo
train_697a,cereal
train_697b,chocolate
train_697c,nueces
train_697d,cereal
train_698a,te
train_698b,nueces
train_698c,azucar
train_698d,maiz
train_699a,cafe
train_699b,salsatomate
train_699c,chips
train_699d,vinagre
train_700a,maiz
train_700b,jamon
train_700c,caramelo
train_700d,torta
train_701a,salsatomate
train_701b,miel
train_701c,pescado
train_701d,agua
train_702a,caramelo
train_702b,harina
train_702c,gaseosa
train_702d,agua
train_703a,azucar
train_703b,torta
train_703c,te
train_703d,cereal
train_704a,chocolate
train_704b,salsatomate
train_704c,caramelo
train_704d,chocolate
train_705a,azucar
train_705b,jamon
train_705c,cafe
train_705d,caramelo
train_706a,agua
train_706b,salsatomate
train_706c,jugo
train_706d,jamon
train_707a,jugo
train_707b,cereal
train_707c,caramelo
train_707d,cafe
train_708a,agua
train_708b,frijoles
train_708c,jamon
train_708d,chocolate
train_709a,gaseosa
train_709b,te
train_709c,jamon
train_709d,salsatomate
train_710a,caramelo
train_710b,jamon
train_710c,harina
train_710d,jugo
train_711a,te
train_711b,cafe
train_711c,nueces
train_711d,cereal
train_712a,cafe
train_712b,jamon
train_712c,pescado
train_712d,pasta
train_713a,chocolate
train_713b,nueces
train_713c,cafe
train_713d,agua
train_714a,cereal
train_714b,gaseosa
train_714c,te
train_714d,te
train_715a,cereal
train_715b,leche
train_715c,azucar
train_715d,vinagre
train_716a,chocolate
train_716b,pasta
train_716c,caramelo
train_716d,vinagre
train_717a,aceite
train_717b,vinagre
train_717c,salsatomate
train_717d,chips
train_718a,cafe
train_718b,chocolate
train_718c,maiz
train_718d,leche
train_719a,pescado
train_719b,salsatomate
train_719c,cereal
train_719d,especias
train_720a,chips
train_720b,leche
train_720c,arroz
train_720d,torta
train_721a,vinagre
train_721b,agua
train_721c,cafe
train_721d,arroz
train_722a,vinagre
train_722b,leche
train_722c,harina
train_722d,especias
train_723a,pasta
train_723b,especias
train_723c,arroz
train_723d,jugo
train_724a,jugo
train_724b,chocolate
train_724c,te
train_724d,caramelo
train_725a,chocolate
train_725b,caramelo
train_725c,jamon
train_725d,cereal
train_726a,harina
train_726b,cereal
train_726c,leche
train_726d,chocolate
train_727a,aceite
train_727b,miel
train_727c,pescado
train_727d,aceite
train_728a,agua
train_728b,vinagre
train_728c,torta
train_728d,te
train_729a,torta
train_729b,jugo
train_729c,arroz
train_729d,gaseosa
train_730a,vinagre
train_730b,chocolate
train_730c,jamon
train_730d,cafe
train_731a,gaseosa
train_731b,nueces
train_731c,cereal
train_731d,gaseosa
train_732a,pasta
train_732b,chocolate
train_732c,jugo
train_732d,caramelo
train_733a,especias
train_733b,cereal
train_733c,aceite
train_733d,te
train_734a,cafe
train_734b,vinagre
train_734c,cafe
train_734d,cereal
train_735a,cafe
train_735b,caramelo
train_735c,agua
train_735d,agua
train_736a,pasta
train_736b,leche
train_736c,jugo
train_736d,chips
train_737a,cereal
train_737b,maiz
train_737c,jugo
train_737d,frijoles
train_738a,chocolate
train_738b,gaseosa
train_738c,leche
train_738d,chocolate
train_739a,harina
train_739b,pasta
train_739c,caramelo
train_739d,cafe
train_740a,te
train_740b,jugo
train_740c,chocolate
train_740d,chocolate
train_741a,especias
train_741b,pescado
train_741c,vinagre
train_741d,chocolate
train_742a,especias
train_742b,salsatomate
train_742c,aceite
train_742d,te
train_743a,especias
train_743b,te
train_743c,jamon
train_743d,caramelo
train_744a,cereal
train_744b,especias
train_744c,chips
train_744d,jamon
train_745a,chips
train_745b,aceite
train_745c,especias
train_745d,especias
train_746a,caramelo
train_746b,agua
train_746c,nueces
train_746d,especias
train_747a,miel
train_747b,gaseosa
train_747c,te
train_747d,especias
train_748a,cereal
train_748b,jugo
train_748c,agua
train_748d,agua
train_749a,caramelo
train_749b,especias
train_749c,torta
train_749d,pasta
train_750a,cereal
train_750b,cereal
train_750c,vinagre
train_750d,cafe
train_751a,pasta
train_751b,salsatomate
train_751c,caramelo
train_751d,miel
train_752a,agua
train_752b,cereal
train_752c,aceite
train_752d,caramelo
train_753a,chips
train_753b,azucar
train_753c,te
train_753d,gaseosa
train_754a,jamon
train_754b,pasta
train_754c,te
train_754d,arroz
train_755a,harina
train_755b,miel
train_755c,miel
train_755d,pasta
train_756a,especias
train_756b,frijoles
train_756c,vinagre
train_756d,cafe
train_757a,salsatomate
train_757b,caramelo
train_757c,cafe
train_757d,agua
train_758a,pasta
train_758b,gaseosa
train_758c,harina
train_758d,caramelo
train_759a,te
train_759b,agua
train_759c,nueces
train_759d,especias
train_760a,salsatomate
train_760b,te
train_760c,jamon
train_760d,chocolate
train_761a,torta
train_761b,agua
train_761c,jamon
train_761d,jamon
train_762a,torta
train_762b,aceite
train_762c,cafe
train_762d,arroz
train_763a,cafe
train_763b,chocolate
train_763c,cafe
train_763d,chips
train_764a,cereal
train_764b,especias
train_764c,leche
train_764d,gaseosa
train_765a,cereal
train_765b,cafe
train_765c,pescado
train_765d,te
train_766a,salsatomate
train_766b,pasta
train_766c,chocolate
train_766d,te
train_767a,aceite
train_767b,leche
train_767c,chocolate
train_767d,agua
train_768a,jugo
train_768b,frijoles
train_768c,chips
train_768d,miel
train_769a,te
train_769b,salsatomate
train_769c,caramelo
train_769d,agua
train_770a,salsatomate
train_770b,miel
train_770c,agua
train_770d,jugo
train_771a,nueces
train_771b,cereal
train_771c,miel
train_771d,cafe
train_772a,azucar
train_772b,miel
train_772c,torta
train_772d,te
train_773a,agua
train_773b,cereal
train_773c,jamon
train_773d,jugo
train_774a,jugo
train_774b,nueces
train_774c,gaseosa
train_774d,gaseosa
train_775a,leche
train_775b,cereal
train_775c,cereal
train_775d,miel
train_776a,chocolate
train_776b,pescado
train_776c,jamon
train_776d,cereal
train_777a,cereal
train_777b,nueces
train_777c,frijoles
train_777d,te
train_778a,caramelo
train_778b,especias
train_778c,nueces
train_778d,chips
train_779a,salsatomate
train_779b,vinagre
train_779c,maiz
train_779d,arroz
train_780a,cafe
train_780b,gaseosa
train_780c,agua
train_780d,arroz
train_781a,leche
train_781b,jugo
train_781c,cereal
train_781d,especias
train_782a,cereal
train_782b,agua
train_782c,salsatomate
train_782d,aceite
train_783a,torta
train_783b,cafe
train_783c,nueces
train_783d,cafe
train_784a,jamon
train_784b,salsatomate
train_784c,pescado
train_784d,chocolate
train_785a,jamon
train_785b,gaseosa
train_785c,leche
train_785d,agua
train_786a,te
train_786b,miel
train_786c,te
train_786d,chips
train_787a,maiz
train_787b,azucar
train_787c,agua
train_787d,jamon
train_788a,vinagre
train_788b,cafe
train_788c,cereal
train_788d,especias
train_789a,caramelo
train_789b,caramelo
train_789c,miel
train_789d,chocolate
train_790a,chocolate
train_790b,harina
train_790c,jugo
train_790d,azucar
train_791a,miel
train_791b,agua
train_791c,chocolate
train_791d,agua
train_792a,cereal
train_792b,frijoles
train_792c,leche
train_792d,cereal
train_793a,cereal
train_793b,cafe
train_793c,agua
train_793d,jugo
train_794a,cafe
train_794b,chocolate
train_794c,pescado
train_794d,frijoles
train_795a,aceite
train_795b,nueces
train_795c,miel
train_795d,caramelo
train_796a,te
train_796b,aceite
train_796c,te
train_796d,caramelo
train_797a,caramelo
train_797b,arroz
train_797c,arroz
train_797d,agua
train_798a,cafe
train_798b,nueces
train_798c,caramelo
train_798d,salsatomate
train_799a,pescado
train_799b,miel
train_799c,especias
train_799d,salsatomate
train_800a,cereal
train_800b,torta
train_800c,aceite
train_800d,vinagre
train_801a,te
train_801b,agua
train_801c,caramelo
train_801d,jugo
train_802a,agua
train_802b,jamon
train_802c,miel
train_802d,cafe
train_803a,jugo
train_803b,salsatomate
train_803c,gaseosa
train_803d,especias
train_804a,nueces
train_804b,caramelo
train_804c,cafe
